"Nom","Date","Heure","Chemin","Taille","NbFichiers"
"td3_linux","27-05-2025","09-43-48","..\td3_linux\","0,020074844360351562","3"
"td3_linux","27-05-2025","09-43-53","..\td3_linux\","0,020074844360351562","3"
"td3_linux","27-05-2025","09-43-58","..\td3_linux\","0,020074844360351562","3"
"td3_linux","27-05-2025","09-44-04","..\td3_linux\","0,020074844360351562","3"
"td3_linux","27-05-2025","09-44-09","..\td3_linux\","0,020074844360351562","3"
"td3_linux","27-05-2025","09-44-14","..\td3_linux\","0,020074844360351562","3"
"td3_linux","27-05-2025","09-44-19","..\td3_linux\","0,020074844360351562","3"
"td3_linux","27-05-2025","09-44-24","..\td3_linux\","0,020074844360351562","3"
"td3_linux","27-05-2025","09-44-29","..\td3_linux\","0,020074844360351562","3"
"td3_linux","27-05-2025","09-44-34","..\td3_linux\","0,020074844360351562","3"
"td3_linux","27-05-2025","09-44-39","..\td3_linux\","0,020074844360351562","3"
"td3_linux","27-05-2025","09-44-44","..\td3_linux\","0,020074844360351562","3"
"td3_linux","27-05-2025","09-44-49","..\td3_linux\","0,020074844360351562","3"
"td3_linux","27-05-2025","09-44-54","..\td3_linux\","0,020074844360351562","3"
"td3_linux","27-05-2025","09-44-59","..\td3_linux\","0,020074844360351562","3"
"td3_linux","27-05-2025","09-45-04","..\td3_linux\","0,020074844360351562","3"
"td3_linux","27-05-2025","09-45-09","..\td3_linux\","0,020074844360351562","3"
"td3_linux","27-05-2025","09-45-14","..\td3_linux\","0,020074844360351562","3"
"td3_linux","27-05-2025","09-45-19","..\td3_linux\","0,020074844360351562","3"
"td3_linux","27-05-2025","09-45-24","..\td3_linux\","0,020074844360351562","3"
"td3_linux","27-05-2025","09-45-30","..\td3_linux\","0,020074844360351562","3"
"td3_linux","27-05-2025","09-45-35","..\td3_linux\","0,020074844360351562","3"
"td3_linux","27-05-2025","09-45-40","..\td3_linux\","0,020074844360351562","3"
"td3_linux","27-05-2025","09-45-45","..\td3_linux\","0,020074844360351562","3"
"td3_linux","27-05-2025","09-45-50","..\td3_linux\","0,020074844360351562","3"
"td3_linux","27-05-2025","09-45-55","..\td3_linux\","0,020074844360351562","3"
"td3_linux","27-05-2025","09-46-00","..\td3_linux\","0,020074844360351562","3"
"td3_linux","27-05-2025","09-46-05","..\td3_linux\","0,020074844360351562","3"
"td3_linux","27-05-2025","09-46-10","..\td3_linux\","0,020074844360351562","3"
"td3_linux","27-05-2025","09-46-15","..\td3_linux\","0,020074844360351562","3"
"td3_linux","27-05-2025","09-46-20","..\td3_linux\","0,020074844360351562","3"
"td3_linux","27-05-2025","09-46-25","..\td3_linux\","0,020074844360351562","3"
"td3_linux","27-05-2025","09-46-30","..\td3_linux\","0,020074844360351562","3"
"td3_linux","27-05-2025","09-46-35","..\td3_linux\","0,020074844360351562","3"
"td3_linux","27-05-2025","09-46-40","..\td3_linux\","0,020074844360351562","3"
"td3_linux","27-05-2025","09-46-45","..\td3_linux\","0,020074844360351562","3"
"td3_linux","27-05-2025","09-46-50","..\td3_linux\","0,020074844360351562","3"
"td3_linux","27-05-2025","09-46-55","..\td3_linux\","0,020074844360351562","3"
"td3_linux","27-05-2025","09-47-01","..\td3_linux\","0,020074844360351562","3"
"td3_linux","27-05-2025","09-47-06","..\td3_linux\","0,020074844360351562","3"
"td3_linux","27-05-2025","09-47-11","..\td3_linux\","0,020074844360351562","3"
"td3_linux","27-05-2025","09-47-16","..\td3_linux\","0,020074844360351562","3"
"td3_linux","27-05-2025","09-47-21","..\td3_linux\","0,020074844360351562","3"
"td3_linux","27-05-2025","09-47-26","..\td3_linux\","0,020074844360351562","3"
"td3_linux","27-05-2025","09-47-31","..\td3_linux\","0,020074844360351562","3"
"td3_linux","27-05-2025","09-47-36","..\td3_linux\","0,020074844360351562","3"
"td3_linux","27-05-2025","09-47-41","..\td3_linux\","0,020074844360351562","3"
"td3_linux","27-05-2025","09-47-46","..\td3_linux\","0,020074844360351562","3"
"td3_linux","27-05-2025","09-47-51","..\td3_linux\","0,020074844360351562","3"
"td3_linux","27-05-2025","09-47-56","..\td3_linux\","0,020074844360351562","3"
"td3_linux","27-05-2025","09-48-01","..\td3_linux\","0,020074844360351562","3"
"td3_linux","27-05-2025","09-48-06","..\td3_linux\","0,020074844360351562","3"
"td3_linux","27-05-2025","09-48-11","..\td3_linux\","0,020074844360351562","3"
"td3_linux","27-05-2025","09-48-16","..\td3_linux\","0,020074844360351562","3"
"td3_linux","27-05-2025","09-48-21","..\td3_linux\","0,020074844360351562","3"
"td3_linux","27-05-2025","09-48-26","..\td3_linux\","0,020074844360351562","3"
"td3_linux","27-05-2025","09-48-32","..\td3_linux\","0,020074844360351562","3"
"td3_linux","27-05-2025","09-48-37","..\td3_linux\","0,020074844360351562","3"
"td3_linux","27-05-2025","09-48-42","..\td3_linux\","0,020074844360351562","3"
"td3_linux","27-05-2025","09-48-47","..\td3_linux\","0,020074844360351562","3"
